id,fetchurl,name,importstatus
ddhh_01_que_son,https://raw.githubusercontent.com/DSANJORGE/minsur-testu-img/main/ddhh/ddhh_01_que_son.png,ddhh_01_que_son.png,needsdownload
ddhh_02_a_quienes_aplican,https://raw.githubusercontent.com/DSANJORGE/minsur-testu-img/main/ddhh/ddhh_02_a_quienes_aplican.png,ddhh_02_a_quienes_aplican.png,needsdownload
ddhh_03_finalidad_proteccion,https://raw.githubusercontent.com/DSANJORGE/minsur-testu-img/main/ddhh/ddhh_03_finalidad_proteccion.png,ddhh_03_finalidad_proteccion.png,needsdownload
ddhh_04_dudh_origen,https://raw.githubusercontent.com/DSANJORGE/minsur-testu-img/main/ddhh/ddhh_04_dudh_origen.png,ddhh_04_dudh_origen.png,needsdownload
ddhh_05_igualdad_no_discriminacion,https://raw.githubusercontent.com/DSANJORGE/minsur-testu-img/main/ddhh/ddhh_05_igualdad_no_discriminacion.png,ddhh_05_igualdad_no_discriminacion.png,needsdownload
ddhh_06_trabajo_forzoso,https://raw.githubusercontent.com/DSANJORGE/minsur-testu-img/main/ddhh/ddhh_06_trabajo_forzoso.png,ddhh_06_trabajo_forzoso.png,needsdownload
ddhh_07_tipos_evolucion,https://raw.githubusercontent.com/DSANJORGE/minsur-testu-img/main/ddhh/ddhh_07_tipos_evolucion.png,ddhh_07_tipos_evolucion.png,needsdownload
ddhh_08_derechos_ambientales,https://raw.githubusercontent.com/DSANJORGE/minsur-testu-img/main/ddhh/ddhh_08_derechos_ambientales.png,ddhh_08_derechos_ambientales.png,needsdownload
ddhh_09_derecho_vida,https://raw.githubusercontent.com/DSANJORGE/minsur-testu-img/main/ddhh/ddhh_09_derecho_vida.png,ddhh_09_derecho_vida.png,needsdownload
ddhh_10_proteger_respetar_remediar,https://raw.githubusercontent.com/DSANJORGE/minsur-testu-img/main/ddhh/ddhh_10_proteger_respetar_remediar.png,ddhh_10_proteger_respetar_remediar.png,needsdownload
ddhh_11_respetar_alcance,https://raw.githubusercontent.com/DSANJORGE/minsur-testu-img/main/ddhh/ddhh_11_respetar_alcance.png,ddhh_11_respetar_alcance.png,needsdownload
ddhh_12_responsabilidad_cadena_valor,https://raw.githubusercontent.com/DSANJORGE/minsur-testu-img/main/ddhh/ddhh_12_responsabilidad_cadena_valor.png,ddhh_12_responsabilidad_cadena_valor.png,needsdownload
ddhh_13_debida_diligencia_concepto,https://raw.githubusercontent.com/DSANJORGE/minsur-testu-img/main/ddhh/ddhh_13_debida_diligencia_concepto.png,ddhh_13_debida_diligencia_concepto.png,needsdownload
ddhh_14_sistema_debida_diligencia,https://raw.githubusercontent.com/DSANJORGE/minsur-testu-img/main/ddhh/ddhh_14_sistema_debida_diligencia.png,ddhh_14_sistema_debida_diligencia.png,needsdownload
ddhh_15_politica_codigo,https://raw.githubusercontent.com/DSANJORGE/minsur-testu-img/main/ddhh/ddhh_15_politica_codigo.png,ddhh_15_politica_codigo.png,needsdownload
ddhh_16_gobernanza_comites,https://raw.githubusercontent.com/DSANJORGE/minsur-testu-img/main/ddhh/ddhh_16_gobernanza_comites.png,ddhh_16_gobernanza_comites.png,needsdownload
ddhh_17_diversidad_inclusion,https://raw.githubusercontent.com/DSANJORGE/minsur-testu-img/main/ddhh/ddhh_17_diversidad_inclusion.png,ddhh_17_diversidad_inclusion.png,needsdownload
ddhh_18_capacitacion_cultura,https://raw.githubusercontent.com/DSANJORGE/minsur-testu-img/main/ddhh/ddhh_18_capacitacion_cultura.png,ddhh_18_capacitacion_cultura.png,needsdownload
ddhh_19_severidad_riesgo,https://raw.githubusercontent.com/DSANJORGE/minsur-testu-img/main/ddhh/ddhh_19_severidad_riesgo.png,ddhh_19_severidad_riesgo.png,needsdownload
ddhh_20_matriz_historial,https://raw.githubusercontent.com/DSANJORGE/minsur-testu-img/main/ddhh/ddhh_20_matriz_historial.png,ddhh_20_matriz_historial.png,needsdownload
ddhh_21_planes_mitigacion,https://raw.githubusercontent.com/DSANJORGE/minsur-testu-img/main/ddhh/ddhh_21_planes_mitigacion.png,ddhh_21_planes_mitigacion.png,needsdownload
ddhh_22_cadena_contratistas,https://raw.githubusercontent.com/DSANJORGE/minsur-testu-img/main/ddhh/ddhh_22_cadena_contratistas.png,ddhh_22_cadena_contratistas.png,needsdownload
ddhh_23_auditorias_externas,https://raw.githubusercontent.com/DSANJORGE/minsur-testu-img/main/ddhh/ddhh_23_auditorias_externas.png,ddhh_23_auditorias_externas.png,needsdownload
ddhh_24_canal_integridad,https://raw.githubusercontent.com/DSANJORGE/minsur-testu-img/main/ddhh/ddhh_24_canal_integridad.png,ddhh_24_canal_integridad.png,needsdownload
ddhh_25_criterios_efectividad,https://raw.githubusercontent.com/DSANJORGE/minsur-testu-img/main/ddhh/ddhh_25_criterios_efectividad.png,ddhh_25_criterios_efectividad.png,needsdownload
ddhh_26_gestion_denuncias,https://raw.githubusercontent.com/DSANJORGE/minsur-testu-img/main/ddhh/ddhh_26_gestion_denuncias.png,ddhh_26_gestion_denuncias.png,needsdownload
ddhh_27_sancion_proporcional,https://raw.githubusercontent.com/DSANJORGE/minsur-testu-img/main/ddhh/ddhh_27_sancion_proporcional.png,ddhh_27_sancion_proporcional.png,needsdownload
ddhh_28_confidencialidad,https://raw.githubusercontent.com/DSANJORGE/minsur-testu-img/main/ddhh/ddhh_28_confidencialidad.png,ddhh_28_confidencialidad.png,needsdownload
ddhh_29_no_represalias,https://raw.githubusercontent.com/DSANJORGE/minsur-testu-img/main/ddhh/ddhh_29_no_represalias.png,ddhh_29_no_represalias.png,needsdownload
ddhh_30_remediacion,https://raw.githubusercontent.com/DSANJORGE/minsur-testu-img/main/ddhh/ddhh_30_remediacion.png,ddhh_30_remediacion.png,needsdownload
ddhh_31_caso_discriminacion_maternidad,https://raw.githubusercontent.com/DSANJORGE/minsur-testu-img/main/ddhh/ddhh_31_caso_discriminacion_maternidad.png,ddhh_31_caso_discriminacion_maternidad.png,needsdownload
ddhh_32_caso_omitir_capacitacion,https://raw.githubusercontent.com/DSANJORGE/minsur-testu-img/main/ddhh/ddhh_32_caso_omitir_capacitacion.png,ddhh_32_caso_omitir_capacitacion.png,needsdownload
ddhh_33_caso_proveedor_contaminante,https://raw.githubusercontent.com/DSANJORGE/minsur-testu-img/main/ddhh/ddhh_33_caso_proveedor_contaminante.png,ddhh_33_caso_proveedor_contaminante.png,needsdownload
ddhh_34_caso_represalia,https://raw.githubusercontent.com/DSANJORGE/minsur-testu-img/main/ddhh/ddhh_34_caso_represalia.png,ddhh_34_caso_represalia.png,needsdownload
ddhh_35_caso_uso_fuerza,https://raw.githubusercontent.com/DSANJORGE/minsur-testu-img/main/ddhh/ddhh_35_caso_uso_fuerza.png,ddhh_35_caso_uso_fuerza.png,needsdownload
ddhh_36_caso_comunidad_agua,https://raw.githubusercontent.com/DSANJORGE/minsur-testu-img/main/ddhh/ddhh_36_caso_comunidad_agua.png,ddhh_36_caso_comunidad_agua.png,needsdownload
ddhh_37_alcance_curso,https://raw.githubusercontent.com/DSANJORGE/minsur-testu-img/main/ddhh/ddhh_37_alcance_curso.png,ddhh_37_alcance_curso.png,needsdownload
ddhh_38_dignidad,https://raw.githubusercontent.com/DSANJORGE/minsur-testu-img/main/ddhh/ddhh_38_dignidad.png,ddhh_38_dignidad.png,needsdownload
ddhh_39_interdependencia,https://raw.githubusercontent.com/DSANJORGE/minsur-testu-img/main/ddhh/ddhh_39_interdependencia.png,ddhh_39_interdependencia.png,needsdownload
ddhh_40_deber_estado,https://raw.githubusercontent.com/DSANJORGE/minsur-testu-img/main/ddhh/ddhh_40_deber_estado.png,ddhh_40_deber_estado.png,needsdownload
ddhh_41_riesgos_salientes,https://raw.githubusercontent.com/DSANJORGE/minsur-testu-img/main/ddhh/ddhh_41_riesgos_salientes.png,ddhh_41_riesgos_salientes.png,needsdownload
ddhh_42_trabajo_infantil,https://raw.githubusercontent.com/DSANJORGE/minsur-testu-img/main/ddhh/ddhh_42_trabajo_infantil.png,ddhh_42_trabajo_infantil.png,needsdownload
ddhh_43_consulta_partes,https://raw.githubusercontent.com/DSANJORGE/minsur-testu-img/main/ddhh/ddhh_43_consulta_partes.png,ddhh_43_consulta_partes.png,needsdownload
ddhh_44_debido_proceso_senalado,https://raw.githubusercontent.com/DSANJORGE/minsur-testu-img/main/ddhh/ddhh_44_debido_proceso_senalado.png,ddhh_44_debido_proceso_senalado.png,needsdownload
ddhh_45_caso_remediacion,https://raw.githubusercontent.com/DSANJORGE/minsur-testu-img/main/ddhh/ddhh_45_caso_remediacion.png,ddhh_45_caso_remediacion.png,needsdownload
ddhh_46_caso_origen,https://raw.githubusercontent.com/DSANJORGE/minsur-testu-img/main/ddhh/ddhh_46_caso_origen.png,ddhh_46_caso_origen.png,needsdownload
ddhh_47_rendir_cuentas,https://raw.githubusercontent.com/DSANJORGE/minsur-testu-img/main/ddhh/ddhh_47_rendir_cuentas.png,ddhh_47_rendir_cuentas.png,needsdownload
