id,componenttype,contentrole,content,componentsectionid,questionid,ordering,assetid
1,Heading,Heading,"1.1 Definición y características (universalidad, dignidad)",1,,1,
2,Asset,Feature Image,https://raw.githubusercontent.com/DSANJORGE/minsur-testu-img/main/ddhh/ddhh_01_que_son.png,1,1,2,ddhh_01_que_son
3,Paragraph,,"Los DDHH son universales, inalienables e indivisibles, y se fundan en la dignidad humana.",1,1,3,
4,Multiple Choice Question,,,1,1,4,
5,Paragraph,,"Los Derechos Humanos son los principios y garantías que corresponden a toda persona por el solo hecho de existir, sin importar su nacionalidad, sexo, origen, religión o cualquier otra condición. Tienen tres rasgos esenciales: son universales (aplican a todos por igual), inalienables (no se pueden quitar ni renunciar a ellos) e indivisibles (todos son igualmente importantes). Se fundan en la dignidad humana. En Minsur esto significa que aplican por igual a colaboradores, contratistas y comunidades vinculadas a la operación: un operario, un proveedor y un poblador vecino son titulares de los mismos derechos.",1,1,5,
6,Paragraph,,"B y D los confunden con beneficios laborales condicionados al cargo, la antigüedad o las metas; los DDHH no se ganan ni dependen de la posición. C niega su carácter universal y obligatorio. E contradice su carácter inalienable: no se pierden por una falta.",1,1,6,
7,Paragraph,Exercise,"Define los Derechos Humanos y reconoce sus rasgos esenciales (universalidad, inalienabilidad, indivisibilidad, dignidad).",1,1,7,
8,Paragraph,Source,"Declaración Universal de los Derechos Humanos (DUDH), Art. 1 y 2.",1,1,8,
9,Asset,Feature Image,https://raw.githubusercontent.com/DSANJORGE/minsur-testu-img/main/ddhh/ddhh_02_a_quienes_aplican.png,1,2,9,ddhh_02_a_quienes_aplican
10,Paragraph,,"Los DDHH aplican a todas las personas: propios, contratistas, visitantes y comunidades.",1,2,10,
11,Multiple Choice Question,,,1,2,11,
12,Paragraph,,"Los Derechos Humanos son universales: aplican a todas las personas por su sola condición humana, sin distinción de nacionalidad, vínculo contractual, rol o cualquier otra circunstancia. En el entorno de Minsur esto es muy concreto: un colaborador de planilla, un trabajador de una empresa contratista, un visitante y un poblador de una comunidad vecina son, todos, titulares de los mismos derechos. Por eso la responsabilidad de respetar no se limita al personal propio; alcanza a contratistas, proveedores y al entorno donde opera la empresa.",1,2,12,
13,Paragraph,,"B, C, D y E restringen indebidamente el alcance a un grupo (personal directo, ciudadanos, capacitados o directivos). Todas contradicen el principio de universalidad: los derechos no dependen del vínculo ni de la condición de la persona.",1,2,13,
14,Paragraph,Exercise,"Reconoce el alcance universal de los DDHH y lo aplica al ecosistema de la operación (propios, contratistas, comunidades).",1,2,14,
15,Paragraph,Source,"Declaración Universal de los Derechos Humanos (DUDH), Art. 1 y 2.",1,2,15,
16,Asset,Feature Image,https://raw.githubusercontent.com/DSANJORGE/minsur-testu-img/main/ddhh/ddhh_03_finalidad_proteccion.png,1,3,16,ddhh_03_finalidad_proteccion
17,Paragraph,,"Los DDHH protegen la dignidad, la libertad y la igualdad frente a abusos.",1,3,17,
18,Multiple Choice Question,,,1,3,18,
19,Paragraph,,"La finalidad de los Derechos Humanos es proteger la dignidad de cada persona y asegurar condiciones de libertad, igualdad y justicia, especialmente frente a abusos o vulneraciones por parte del Estado, de terceros o de actores con poder, como las empresas. Su protección se activa precisamente cuando un derecho está en riesgo o se ve afectado. Para Minsur, esto orienta la prioridad: el objetivo no es la imagen ni la productividad, sino prevenir el daño a las personas —colaboradores, contratistas y comunidades— y reparar cuando ese daño ya ocurrió.",1,3,19,
20,Paragraph,,"B, C y D confunden el fin de los DDHH con objetivos organizacionales (orden, productividad, jerarquía) que no son su propósito. E es incorrecto: los DDHH no reemplazan la ley laboral, sino que fijan un piso mínimo de dignidad que la complementa.",1,3,20,
21,Paragraph,Exercise,Reconoce la finalidad protectora de los DDHH y cuándo se activa su protección.,1,3,21,
22,Paragraph,Source,"Declaración Universal de los Derechos Humanos (DUDH), Preámbulo y Art. 1.",1,3,22,
23,Heading,Heading,1.2 Origen y marco internacional (DUDH),1,,23,
24,Asset,Feature Image,https://raw.githubusercontent.com/DSANJORGE/minsur-testu-img/main/ddhh/ddhh_04_dudh_origen.png,1,4,24,ddhh_04_dudh_origen
25,Paragraph,,"La DUDH: proclamada por la ONU en 1948, tras la Segunda Guerra Mundial. 30 artículos.",1,4,25,
26,Multiple Choice Question,,,1,4,26,
27,Paragraph,,"La Declaración Universal de los Derechos Humanos fue proclamada por la Asamblea General de las Naciones Unidas el 10 de diciembre de 1948, en París, tras los horrores de la Segunda Guerra Mundial. Surge para evitar que se repitan vulneraciones masivas a la dignidad humana y establece, en 30 artículos, un estándar común de derechos para todas las personas y naciones. Es el documento fundacional del sistema internacional de Derechos Humanos y la base sobre la que se construyeron tratados y marcos posteriores, incluidos los que hoy orientan la conducta responsable de las empresas, como Minsur.",1,4,27,
28,Paragraph,,"B, C y E atribuyen la Declaración a actores sin ese alcance (empresas, gobiernos locales o sindicatos); su valor radica en ser un acuerdo internacional de la ONU. D confunde una declaración de principios con una sentencia judicial.",1,4,28,
29,Paragraph,Exercise,"Identifica el origen, el autor (ONU) y el contexto histórico (posguerra, 1948) de la DUDH.",1,4,29,
30,Paragraph,Source,Naciones Unidas — Declaración Universal de los Derechos Humanos (1948).,1,4,30,
31,Heading,Heading,1.3 Igualdad y no discriminación,1,,31,
32,Asset,Feature Image,https://raw.githubusercontent.com/DSANJORGE/minsur-testu-img/main/ddhh/ddhh_05_igualdad_no_discriminacion.png,1,5,32,ddhh_05_igualdad_no_discriminacion
33,Paragraph,,Igualdad y no discriminación: trato equitativo sin distinción por condiciones personales.,1,5,33,
34,Multiple Choice Question,,,1,5,34,
35,Paragraph,,"La igualdad y no discriminación es un principio central de los DDHH: todas las personas deben recibir un trato equitativo, sin distinciones por características personales como raza, sexo, religión, opinión política, origen, edad, discapacidad u orientación. Es clave diferenciar la discriminación —prohibida— de las distinciones legítimas basadas en criterios objetivos del trabajo, como el desempeño real, las competencias o la seguridad. En Minsur, lo prohibido es tratar distinto a alguien por lo que es; no lo es, en cambio, organizar el trabajo o reconocer el mérito con criterios objetivos y aplicados por igual a todos.",1,5,35,
36,Paragraph,,"B, C, D y E describen criterios legítimos y objetivos del ámbito laboral (desempeño, seguridad, competencias, organización del trabajo). Distinguir por estos factores no es discriminación; la discriminación se basa en condiciones personales protegidas, como en la opción correcta.",1,5,36,
37,Paragraph,Exercise,Distingue la discriminación prohibida de las distinciones laborales legítimas y objetivas.,1,5,37,
38,Paragraph,Source,"DUDH, Art. 1, 2 y 7; Convenios de la OIT sobre no discriminación en el empleo (C111).",1,5,38,
39,Asset,Feature Image,https://raw.githubusercontent.com/DSANJORGE/minsur-testu-img/main/ddhh/ddhh_06_trabajo_forzoso.png,1,6,39,ddhh_06_trabajo_forzoso
40,Paragraph,,El trabajo forzoso está prohibido: toda labor debe ser libre y la persona debe poder retirarse.,1,6,40,
41,Multiple Choice Question,,,1,6,41,
42,Paragraph,,"El trabajo forzoso es todo trabajo o servicio exigido a una persona bajo amenaza de una pena y para el cual no se ha ofrecido voluntariamente. Su prohibición es absoluta: la labor debe ser libremente aceptada y la persona debe poder ponerle fin. Señales de alerta incluyen retención de documentos, deudas inducidas, restricción de movimiento o jornadas impuestas bajo coacción. En la minería, este riesgo puede aparecer sobre todo en la cadena de contratistas y proveedores, por lo que Minsur debe vigilarlo también fuera de su personal directo, no solo de puertas adentro.",1,6,42,
43,Paragraph,,"B confunde la libertad del trabajo con su permanencia. C limita falsamente la prohibición a menores: protege a todas las personas. D la trata como opcional, cuando es una prohibición internacional absoluta. E es incorrecto: puede haber trabajo forzoso aun existiendo contrato, si media coacción.",1,6,43,
44,Paragraph,Exercise,Reconoce el contenido de la prohibición del trabajo forzoso y sus señales de alerta en la cadena.,1,6,44,
45,Paragraph,Source,"Convenios de la OIT sobre trabajo forzoso (C29 y C105); DUDH, Art. 4.",1,6,45,
46,Heading,Heading,1.4 Tipos y evolución de los derechos (incl. ambientales),1,,46,
47,Asset,Feature Image,https://raw.githubusercontent.com/DSANJORGE/minsur-testu-img/main/ddhh/ddhh_07_tipos_evolucion.png,1,7,47,ddhh_07_tipos_evolucion
48,Paragraph,,"Los derechos evolucionan: civiles, políticos, sociales, culturales y ambientales.",1,7,48,
49,Multiple Choice Question,,,1,7,49,
50,Paragraph,,"Los Derechos Humanos no son una lista cerrada: han evolucionado en el tiempo. Junto a los derechos civiles y políticos (vida, libertad, igualdad), se reconocen derechos económicos, sociales y culturales —como la salud, la educación, el trabajo digno— y, más recientemente, derechos ligados a un medio ambiente sano. Todos son interdependientes. Para una minera como Minsur, esta visión amplia es esencial: su actividad puede incidir en la salud, el acceso al agua o el ambiente de las comunidades, derechos tan exigibles como los civiles, y por ello deben integrarse en la gestión de impactos.",1,7,50,
51,Paragraph,,"B reduce los DDHH solo a lo civil y político, ignorando su evolución. C y E los confunden con beneficios o ingresos, negando su carácter inherente. D condiciona su existencia a un reglamento, cuando los DDHH preceden y obligan a cualquier norma interna.",1,7,51,
52,Paragraph,Exercise,"Reconoce los tipos y la evolución de los derechos, incluidos los sociales y ambientales.",1,7,52,
53,Paragraph,Source,"Pacto Internacional de Derechos Económicos, Sociales y Culturales (PIDESC); DUDH, Art. 22-27.",1,7,53,
54,Asset,Feature Image,https://raw.githubusercontent.com/DSANJORGE/minsur-testu-img/main/ddhh/ddhh_08_derechos_ambientales.png,1,8,54,ddhh_08_derechos_ambientales
55,Paragraph,,El derecho a un medio ambiente sano se vulnera por contaminación o residuos sin control.,1,8,55,
56,Multiple Choice Question,,,1,8,56,
57,Paragraph,,"Un medio ambiente sano es condición para ejercer otros derechos, como la salud, el agua o la alimentación. Se vulnera cuando una operación contamina el aire, el agua o el suelo, o gestiona mal sus residuos, afectando a las personas y a sus medios de vida. En minería este vínculo es directo: el polvo, el manejo del agua o los relaves pueden impactar a comunidades vecinas. Por eso Minsur debe identificar y controlar estos impactos como parte de su debida diligencia, entendiéndolos no solo como un asunto ambiental, sino como un posible impacto a derechos de las personas.",1,8,57,
58,Paragraph,,"B, C, D y E describen decisiones operativas o de gestión (eficiencia, proveedores, plazos, turnos) que no vulneran por sí mismas un derecho ambiental. La vulneración surge de la afectación real al entorno y a las personas, como en la opción correcta.",1,8,58,
59,Paragraph,Exercise,Identifica una vulneración al derecho a un medio ambiente sano y su vínculo con otros derechos.,1,8,59,
60,Paragraph,Source,"Resolución ONU 76/300 sobre el derecho a un medio ambiente limpio, saludable y sostenible; DUDH, Art. 25.",1,8,60,
61,Heading,Heading,"1.1 Definición y características (universalidad, dignidad)",1,,61,
62,Asset,Feature Image,https://raw.githubusercontent.com/DSANJORGE/minsur-testu-img/main/ddhh/ddhh_09_derecho_vida.png,1,9,62,ddhh_09_derecho_vida
63,Paragraph,,Exponer a personas a riesgos graves y evitables vulnera su derecho a la vida e integridad.,1,9,63,
64,Multiple Choice Question,,,1,9,64,
65,Paragraph,,"El derecho a la vida y a la integridad personal es uno de los más fundamentales. En una operación minera se vulnera cuando se expone a las personas a peligros graves y evitables —trabajar sin protección frente a un riesgo conocido, omitir controles de seguridad o ignorar una condición insegura—. Aquí los Derechos Humanos y la seguridad ocupacional se encuentran: garantizar condiciones seguras para colaboradores y contratistas no es solo cumplimiento normativo, es respetar su derecho a la vida y a la salud. Lo determinante es si la exposición al riesgo era evitable y no se gestionó.",1,9,65,
66,Paragraph,,"B, C, D y E describen decisiones administrativas u operativas (reportes, presupuesto, cronograma, turnos) que no afectan en sí mismas la vida o la integridad. La vulneración se configura por la exposición a un riesgo grave y evitable, como en la opción correcta.",1,9,66,
67,Paragraph,Exercise,Identifica la exposición a riesgos evitables como vulneración del derecho a la vida e integridad.,1,9,67,
68,Paragraph,Source,"DUDH, Art. 3; Convenios de la OIT sobre seguridad y salud en el trabajo.",1,9,68,
69,Heading,Heading,"2.1 Principios Rectores de la ONU (Proteger, Respetar, Remediar)",2,,69,
70,Asset,Feature Image,https://raw.githubusercontent.com/DSANJORGE/minsur-testu-img/main/ddhh/ddhh_10_proteger_respetar_remediar.png,2,10,70,ddhh_10_proteger_respetar_remediar
71,Paragraph,,"Principios Rectores ONU (2011): Proteger (Estado), Respetar (empresa) y Remediar.",2,10,71,
72,Multiple Choice Question,,,2,10,72,
73,Paragraph,,"Los Principios Rectores de la ONU (2011) se organizan en tres pilares: 'Proteger, Respetar y Remediar'. El Estado tiene el deber de proteger los Derechos Humanos frente a abusos, incluidos los de terceros; las empresas tienen la responsabilidad de respetarlos, es decir, de no vulnerarlos y de gestionar sus impactos; y debe existir acceso a mecanismos de remediación para las personas afectadas. Son el estándar internacional de referencia para la conducta empresarial responsable. Para Minsur fijan con claridad su rol: respetar y, cuando corresponda, contribuir a remediar, sin sustituir ni evadir al Estado.",2,10,73,
74,Paragraph,,"B y C distorsionan el reparto de roles: la empresa ni sustituye al Estado ni queda exenta de responsabilidad. D limita indebidamente el respeto solo al personal propio, cuando abarca toda la operación y la cadena de valor. E contradice el tercer pilar: la remediación no es opcional.",2,10,74,
75,Paragraph,Exercise,Identifica los tres pilares y la distribución de roles de los Principios Rectores.,2,10,75,
76,Paragraph,Source,Principios Rectores de la ONU sobre Empresas y Derechos Humanos (2011).,2,10,76,
77,Heading,Heading,2.2 Responsabilidad de respetar y cadena de valor,2,,77,
78,Asset,Feature Image,https://raw.githubusercontent.com/DSANJORGE/minsur-testu-img/main/ddhh/ddhh_11_respetar_alcance.png,2,11,78,ddhh_11_respetar_alcance
79,Paragraph,,"Respetar = no vulnerar directa ni indirectamente, también en la cadena de valor.",2,11,79,
80,Multiple Choice Question,,,2,11,80,
81,Paragraph,,"La responsabilidad de respetar significa, ante todo, no causar ni contribuir a impactos negativos sobre los Derechos Humanos ('no hacer daño'). Pero va más allá de las acciones propias: la empresa también debe procurar prevenir o mitigar los impactos directamente relacionados con sus operaciones, productos o servicios a través de sus relaciones comerciales, incluidos proveedores y contratistas. Es una responsabilidad activa y preventiva, no pasiva: implica conocer los riesgos y actuar antes de que ocurra el daño, en toda la cadena de valor. Para Minsur, respetar no termina en el cerco de la mina.",2,11,81,
82,Paragraph,,"B reduce el respeto a una cuestión de imagen. C lo limita al personal directo, excluyendo la cadena de valor. D evade la responsabilidad propia. E es reactivo: esperar la denuncia contradice el carácter preventivo del respeto.",2,11,82,
83,Paragraph,Exercise,"Comprende el alcance de la responsabilidad de respetar, incluida la cadena de valor.",2,11,83,
84,Paragraph,Source,"Principios Rectores de la ONU (2011), responsabilidad de respetar (Principios 11-13).",2,11,84,
85,Asset,Feature Image,https://raw.githubusercontent.com/DSANJORGE/minsur-testu-img/main/ddhh/ddhh_12_responsabilidad_cadena_valor.png,2,12,85,ddhh_12_responsabilidad_cadena_valor
86,Paragraph,,"Causar, contribuir o estar vinculado: en los tres casos hay responsabilidad de actuar.",2,12,86,
87,Multiple Choice Question,,,2,12,87,
88,Paragraph,,"Los Principios Rectores distinguen tres formas de relación con un impacto: causarlo, contribuir a él o estar directamente vinculado a través de las relaciones comerciales. La respuesta esperada varía, pero en todos los casos hay responsabilidad: si la empresa causa o contribuye, debe cesar el daño y remediar; si está vinculada por un proveedor, debe usar su capacidad de influencia (cláusulas, evaluaciones, planes de mejora, e incluso terminar la relación) para que cese. Para Minsur, tercerizar una actividad no terceriza la responsabilidad: los impactos de contratistas y proveedores siguen estando dentro de su esfera de gestión.",2,12,88,
89,Paragraph,,"B y E niegan la responsabilidad sobre terceros, ignorando la categoría 'directamente vinculado'. C confunde tercerizar con desligarse: la influencia subsiste. D condiciona la acción a una sentencia, cuando la responsabilidad de respetar no depende de un fallo judicial.",2,12,89,
90,Paragraph,Exercise,"Distingue causar, contribuir y estar vinculado, y reconoce la responsabilidad en la cadena.",2,12,90,
91,Paragraph,Source,"Principios Rectores de la ONU (2011), Principio 13 y 19 (causar, contribuir, vinculación).",2,12,91,
92,Heading,Heading,2.3 Debida diligencia en Derechos Humanos,2,,92,
93,Asset,Feature Image,https://raw.githubusercontent.com/DSANJORGE/minsur-testu-img/main/ddhh/ddhh_13_debida_diligencia_concepto.png,2,13,93,ddhh_13_debida_diligencia_concepto
94,Paragraph,,"Debida diligencia: identificar, prevenir/mitigar, hacer seguimiento y rendir cuentas.",2,13,94,
95,Multiple Choice Question,,,2,13,95,
96,Paragraph,,"La debida diligencia en Derechos Humanos es un proceso continuo y preventivo: la empresa identifica y evalúa sus impactos reales y potenciales, integra los hallazgos y actúa para prevenirlos o mitigarlos, hace seguimiento de la eficacia de esas medidas y comunica cómo los aborda. No es un trámite puntual ni una auditoría financiera: es un ciclo que se repite porque los riesgos cambian con las operaciones y los contextos. Su finalidad es anticiparse al daño a las personas antes de que ocurra. En Minsur articula todo el sistema: política, evaluación de riesgos, planes de mitigación y mecanismos de reclamación.",2,13,96,
97,Paragraph,,B confunde el proceso con un objetivo productivo. C lo reduce a lo financiero. D contradice su esencia preventiva: no es solo reaccionar. E lo vacía de contenido: documentar sin actuar no es debida diligencia.,2,13,97,
98,Paragraph,Exercise,Reconoce la debida diligencia como ciclo preventivo de gestión de impactos.,2,13,98,
99,Paragraph,Source,"Principios Rectores de la ONU (2011), Principios 17-21; Líneas Directrices de la OCDE.",2,13,99,
100,Heading,Heading,3.1 Política de DDHH y Código de Ética,3,,100,
101,Asset,Feature Image,https://raw.githubusercontent.com/DSANJORGE/minsur-testu-img/main/ddhh/ddhh_14_sistema_debida_diligencia.png,3,14,101,ddhh_14_sistema_debida_diligencia
102,Paragraph,,"El sistema integra compromiso, capacitación, evaluación, mitigación y reclamación.",3,14,102,
103,Multiple Choice Question,,,3,14,103,
104,Paragraph,,"Un sistema de debida diligencia no es una acción aislada, sino un conjunto de elementos coordinados que se refuerzan: un compromiso político de alto nivel (política y código), capacitación para que las personas reconozcan y actúen, evaluación periódica de riesgos e impactos, planes de mitigación para reducir o eliminar esos impactos, y mecanismos de reclamación para recibir, investigar y responder quejas. En Minsur, estos componentes operan como un ciclo: lo que se detecta en una evaluación alimenta los planes, y lo que llega por el canal de denuncias retroalimenta el sistema y la mejora continua.",3,14,104,
105,Paragraph,,"B, C, D y E reducen el sistema a un solo componente (auditorías, sanciones, comunicados o metas). La debida diligencia es integral: ninguno de esos elementos por sí solo basta para prevenir y gestionar impactos.",3,14,105,
106,Paragraph,Exercise,Reconoce los componentes integrados del sistema de debida diligencia.,3,14,106,
107,Paragraph,Source,Principios Rectores de la ONU (2011); sistema de gestión de DDHH de Minsur.,3,14,107,
108,Asset,Feature Image,https://raw.githubusercontent.com/DSANJORGE/minsur-testu-img/main/ddhh/ddhh_15_politica_codigo.png,3,15,108,ddhh_15_politica_codigo
109,Paragraph,,"El compromiso se formaliza en la Política de DDHH y el Código de Ética, al más alto nivel.",3,15,109,
110,Multiple Choice Question,,,3,15,110,
111,Paragraph,,"El compromiso de una empresa con los Derechos Humanos se formaliza en un compromiso político de alto nivel, normalmente una Política de Derechos Humanos reforzada por el Código de Ética o de Conducta. Estos documentos declaran públicamente el compromiso, fijan principios y expectativas, y aplican a todos los colaboradores y, en lo pertinente, a contratistas y proveedores. Que estén aprobados por la alta dirección les da respaldo y los convierte en el marco que orienta las decisiones y la conducta esperada. Para Minsur, son la referencia formal que traduce el compromiso en obligaciones concretas para toda la organización.",3,15,111,
112,Paragraph,,"B, C y D corresponden a documentos operativos, financieros o contractuales que no son el instrumento donde se declara el compromiso en DDHH. E carece de la formalidad y permanencia de una política aprobada al más alto nivel.",3,15,112,
113,Paragraph,Exercise,Identifica los instrumentos que formalizan el compromiso institucional en DDHH.,3,15,113,
114,Paragraph,Source,"Principios Rectores de la ONU (2011), compromiso político (Principio 16); Política de DDHH y Código de Ética de Minsur.",3,15,114,
115,Heading,Heading,"3.2 Gobernanza, comités y roles",3,,115,
116,Asset,Feature Image,https://raw.githubusercontent.com/DSANJORGE/minsur-testu-img/main/ddhh/ddhh_16_gobernanza_comites.png,3,16,116,ddhh_16_gobernanza_comites
117,Paragraph,,La gobernanza requiere comités y roles claros que supervisen y mejoren el sistema.,3,16,117,
118,Multiple Choice Question,,,3,16,118,
119,Paragraph,,"Las políticas escritas no bastan por sí solas: la debida diligencia exige gobernanza, es decir, comités, comités de ética o de diversidad, y roles con responsabilidades claras que aseguren que el compromiso se cumple en la práctica. Estos espacios supervisan la aplicación de las políticas, impulsan planes preventivos, hacen seguimiento a las acciones correctivas y rinden cuentas. Para Minsur, contar con esta estructura evita que la Política de DDHH quede en el papel: alguien debe ser responsable de monitorear los riesgos, dar seguimiento a los casos y promover la mejora continua del sistema.",3,16,119,
120,Paragraph,,"B contradice su función: los comités velan por el cumplimiento, no autorizan excepciones. C los confunde con evaluación de desempeño. D corresponde a una función presupuestal. E es incorrecto: la gobernanza complementa el canal de denuncias, no lo sustituye.",3,16,120,
121,Paragraph,Exercise,Reconoce el rol de los comités y la asignación de responsabilidades en la gobernanza de DDHH.,3,16,121,
122,Paragraph,Source,"Principios Rectores de la ONU (2011), integración y rendición de cuentas (Principios 16, 19, 21).",3,16,122,
123,Heading,Heading,3.3 Diversidad e inclusión,3,,123,
124,Asset,Feature Image,https://raw.githubusercontent.com/DSANJORGE/minsur-testu-img/main/ddhh/ddhh_17_diversidad_inclusion.png,3,17,124,ddhh_17_diversidad_inclusion
125,Paragraph,,"Diversidad e inclusión: entornos respetuosos, igualdad de oportunidades, sin discriminación.",3,17,125,
126,Multiple Choice Question,,,3,17,126,
127,Paragraph,,"Un comité o programa de diversidad e inclusión busca construir entornos donde todas las personas sean tratadas con respeto y tengan igualdad de oportunidades, previniendo la discriminación, el acoso y el hostigamiento. En la minería, sector históricamente masculinizado, estos espacios impulsan la incorporación equitativa de mujeres y de grupos diversos y promueven una cultura de respeto. Forman parte de la gobernanza de DDHH de Minsur: no se trata de favorecer a unos sobre otros, sino de remover barreras y asegurar las mismas oportunidades y un trato digno para todos, lo que también fortalece el clima y el desempeño de los equipos.",3,17,127,
128,Paragraph,,"B y C nada tienen que ver con inclusión (reducir personal o sancionar). D malinterpreta la inclusión como favoritismo, cuando su objetivo es la igualdad de oportunidades. E corresponde a un rol operativo, ajeno a la gestión de diversidad.",3,17,128,
129,Paragraph,Exercise,Reconoce el propósito de la diversidad e inclusión en la gobernanza de DDHH.,3,17,129,
130,Paragraph,Source,"Principio de igualdad y no discriminación (DUDH, Art. 2 y 7); Convenios de la OIT; políticas de diversidad e inclusión.",3,17,130,
131,Heading,Heading,3.4 Capacitación y cultura,3,,131,
132,Asset,Feature Image,https://raw.githubusercontent.com/DSANJORGE/minsur-testu-img/main/ddhh/ddhh_18_capacitacion_cultura.png,3,18,132,ddhh_18_capacitacion_cultura
133,Paragraph,,"La capacitación llega a propios y contratistas: reconocer riesgos, actuar y crear cultura.",3,18,133,
134,Multiple Choice Question,,,3,18,134,
135,Paragraph,,"La capacitación traduce la política en práctica: desarrolla la capacidad de las personas para reconocer riesgos e impactos a los Derechos Humanos en su trabajo diario y para actuar correctamente, por ejemplo identificando una situación de discriminación, una condición insegura o un caso que debe canalizarse. Por eso se dirige no solo al personal propio, sino también a contratistas, que son parte del entorno de la operación. Más allá del cumplimiento, su fin es construir una cultura de respeto en Minsur, donde la prevención y el reporte de buena fe sean parte natural de cómo se trabaja.",3,18,135,
136,Paragraph,,"B la vacía de sentido (mero trámite). C confunde el objetivo: capacitar no busca que haya menos denuncias, sino mejores decisiones; de hecho puede aumentar el reporte de buena fe. D y E le atribuyen fines ajenos (evitar auditorías, subir producción).",3,18,136,
137,Paragraph,Exercise,Reconoce el propósito y el alcance (propios y contratistas) de la capacitación en DDHH.,3,18,137,
138,Paragraph,Source,"Principios Rectores de la ONU (2011), integración y cultura (Principio 16); programa de capacitación de Minsur.",3,18,138,
139,Heading,Heading,4.1 Identificación y evaluación de riesgos e impactos,4,,139,
140,Asset,Feature Image,https://raw.githubusercontent.com/DSANJORGE/minsur-testu-img/main/ddhh/ddhh_19_severidad_riesgo.png,4,19,140,ddhh_19_severidad_riesgo
141,Paragraph,,"El riesgo en DDHH se prioriza por la severidad para las personas, no por el costo para la empresa.",4,19,141,
142,Multiple Choice Question,,,4,19,142,
143,Paragraph,,"En la gestión tradicional de riesgos el foco está en el impacto para la empresa (costos, activos, reputación). En Derechos Humanos, en cambio, el foco está en las personas: un riesgo se prioriza por su severidad para quienes podrían verse afectados, medida por tres factores: el alcance (cuántas personas), la gravedad (qué tan serio es el daño) y la reversibilidad (si puede repararse). Un riesgo o impacto es crítico cuando puede afectar la dignidad, la salud, la integridad o la vida, aunque su impacto económico para la empresa sea bajo. Para Minsur, esto cambia el criterio de priorización: primero las personas.",4,19,143,
144,Paragraph,,"B, C, D y E miran el riesgo desde la perspectiva de la empresa o de la operación (rentabilidad, activos, tiempo, número de reportes), no desde el impacto en las personas, que es el criterio propio de los Derechos Humanos.",4,19,144,
145,Paragraph,Exercise,"Prioriza el enfoque en las personas y la severidad (alcance, gravedad, reversibilidad) al evaluar un riesgo en DDHH.",4,19,145,
146,Paragraph,Source,"Principios Rectores de la ONU (2011), Principio 14 y 24 (severidad: alcance, gravedad, reversibilidad).",4,19,146,
147,Heading,Heading,"4.4 Seguimiento, auditoría y mejora continua",4,,147,
148,Asset,Feature Image,https://raw.githubusercontent.com/DSANJORGE/minsur-testu-img/main/ddhh/ddhh_20_matriz_historial.png,4,20,148,ddhh_20_matriz_historial
149,Paragraph,,La matriz se actualiza periódicamente; el historial de quejas revela patrones y alimenta la mejora.,4,20,149,
150,Multiple Choice Question,,,4,20,150,
151,Paragraph,,"La debida diligencia es un ciclo, no un acto único: los riesgos cambian con las operaciones, los contextos y las relaciones comerciales, por lo que la matriz de riesgos debe actualizarse de forma periódica. Revisar el historial de quejas y denuncias es una fuente valiosa de aprendizaje: permite detectar patrones recurrentes —por ejemplo, reclamos repetidos en una misma área o con un mismo contratista— y anticipar impactos antes de que se agraven. En Minsur, este seguimiento alimenta la mejora continua: lo aprendido se traduce en nuevos controles, ajustes a los planes y refuerzos de capacitación.",4,20,151,
152,Paragraph,,"B y C distorsionan el propósito: el historial sirve para aprender y prevenir, no para cerrar sin investigar ni para sancionar de forma automática. D y E le atribuyen efectos ajenos (reducir reportes o reemplazar la capacitación).",4,20,152,
153,Paragraph,Exercise,"Reconoce el seguimiento, la actualización de riesgos y el uso del historial como mejora continua.",4,20,153,
154,Paragraph,Source,"Principios Rectores de la ONU (2011), seguimiento y mejora continua (Principios 20 y 29).",4,20,154,
155,Heading,Heading,4.2 Planes de mitigación,4,,155,
156,Asset,Feature Image,https://raw.githubusercontent.com/DSANJORGE/minsur-testu-img/main/ddhh/ddhh_21_planes_mitigacion.png,4,21,156,ddhh_21_planes_mitigacion
157,Paragraph,,"Los planes de mitigación prevén, reducen o eliminan impactos, con responsables y plazos.",4,21,157,
158,Multiple Choice Question,,,4,21,158,
159,Paragraph,,"Identificar un riesgo no basta: la debida diligencia exige actuar. Cuando una evaluación detecta un impacto real o potencial relevante, se diseña un plan de acción o mitigación con medidas concretas para prevenirlo, reducirlo o eliminarlo, asignando responsables, recursos y plazos, y haciendo seguimiento a su eficacia. Los programas internos de Minsur —por ejemplo en seguridad, relación con comunidades o gestión de contratistas— son parte de estas medidas de mitigación. La clave es que el plan cierre la brecha entre el riesgo detectado y una situación gestionada, y que su cumplimiento se verifique.",4,21,159,
160,Paragraph,,"B contradice la gestión preventiva (no se eliminan controles). C es insuficiente: documentar no es mitigar. D traslada indebidamente la responsabilidad a los trabajadores. E desvía el propósito hacia la producción, ajeno a la mitigación de impactos.",4,21,160,
161,Paragraph,Exercise,"Reconoce la finalidad y los elementos de un plan de mitigación (medidas, responsables, plazos).",4,21,161,
162,Paragraph,Source,"Principios Rectores de la ONU (2011), integración y acción (Principios 19 y 22).",4,21,162,
163,Heading,Heading,4.3 Cadena de suministro y contratistas,4,,163,
164,Asset,Feature Image,https://raw.githubusercontent.com/DSANJORGE/minsur-testu-img/main/ddhh/ddhh_22_cadena_contratistas.png,4,22,164,ddhh_22_cadena_contratistas
165,Paragraph,,La debida diligencia alcanza a proveedores y contratistas vinculados a la operación.,4,22,165,
166,Multiple Choice Question,,,4,22,166,
167,Paragraph,,"La responsabilidad de respetar no termina en la puerta de la empresa. Una compañía puede causar un impacto, contribuir a él o estar directamente vinculada a impactos a través de sus relaciones comerciales, incluso sin haberlos provocado. Por eso Minsur debe evaluar a proveedores y contratistas, donde pueden existir riesgos como trabajo forzoso, trabajo infantil, condiciones inseguras o afectaciones a comunidades. Debe usar su capacidad de influencia —cláusulas contractuales, evaluaciones, requisitos de gestión y planes de mejora— para prevenir y mitigar esos impactos. Ignorar la cadena de suministro deja un riesgo grave sin gestionar.",4,22,167,
168,Paragraph,,B y C minimizan la obligación (la reducen a trámite o imagen). D confunde el objetivo: no se trata de precio. E es falso: los contratistas forman parte de las relaciones comerciales de la empresa y de su esfera de responsabilidad.,4,22,168,
169,Paragraph,Exercise,Reconoce la responsabilidad sobre impactos en la cadena de suministro y contratistas.,4,22,169,
170,Paragraph,Source,"Principios Rectores de la ONU (2011), Principios 13, 17 y 19 (relaciones comerciales).",4,22,170,
171,Heading,Heading,"4.4 Seguimiento, auditoría y mejora continua",4,,171,
172,Asset,Feature Image,https://raw.githubusercontent.com/DSANJORGE/minsur-testu-img/main/ddhh/ddhh_23_auditorias_externas.png,4,23,172,ddhh_23_auditorias_externas
173,Paragraph,,La auditoría externa e independiente verifica el cumplimiento e identifica mejoras.,4,23,173,
174,Multiple Choice Question,,,4,23,174,
175,Paragraph,,"Las auditorías externas son parte del seguimiento del sistema de debida diligencia. Al ser realizadas por entidades independientes, aportan una mirada imparcial que permite verificar si la empresa cumple realmente sus compromisos y estándares, y detectar brechas y oportunidades de mejora que internamente podrían pasar inadvertidas. No reemplazan los controles internos ni eliminan los riesgos por sí solas: los complementan y refuerzan la credibilidad del sistema. Para Minsur, sus resultados retroalimentan la mejora continua, generando planes de acción para corregir las debilidades encontradas.",4,23,175,
176,Paragraph,,"B confunde la auditoría del sistema con la fiscalización punitiva de personas. C es incorrecto: la auditoría complementa, no sustituye, los controles internos. D promete algo imposible: ningún sistema elimina por completo los riesgos. E le atribuye un fin productivo ajeno.",4,23,176,
177,Paragraph,Exercise,"Reconoce el objetivo, la independencia y el aporte de las auditorías externas al ciclo de mejora.",4,23,177,
178,Paragraph,Source,"Principios Rectores de la ONU (2011), seguimiento de la eficacia (Principio 20).",4,23,178,
179,Heading,Heading,5.1 Mecanismos de reclamación y Línea Ética / Canal de Integridad,5,,179,
180,Asset,Feature Image,https://raw.githubusercontent.com/DSANJORGE/minsur-testu-img/main/ddhh/ddhh_24_canal_integridad.png,5,24,180,ddhh_24_canal_integridad
181,Paragraph,,El Canal de Integridad: vía accesible para reportar quejas y posibles vulneraciones.,5,24,181,
182,Multiple Choice Question,,,5,24,182,
183,Paragraph,,"Un mecanismo de reclamación —a menudo llamado Línea Ética o Canal de Integridad— permite que cualquier persona vinculada a la operación (colaboradores, contratistas y también comunidades) reporte quejas, denuncias de conductas indebidas o posibles vulneraciones a los Derechos Humanos. Su valor está en ofrecer una vía temprana y accesible para detectar problemas antes de que se agraven y canalizarlos hacia su investigación y, si corresponde, su remediación. En Minsur, este canal es una pieza central del sistema: convierte una preocupación en un caso gestionable y permite a la empresa aprender de lo reportado. No reemplaza a la justicia estatal, pero la complementa.",5,24,183,
184,Paragraph,,"B lo restringe a la gerencia, cuando debe ser accesible a todas las partes interesadas. C lo confunde con evaluación de desempeño. D lo banaliza como trámite operativo. E es incorrecto: complementa, pero no sustituye, a la justicia del Estado.",5,24,184,
185,Paragraph,Exercise,Reconoce la función y el alcance del mecanismo de reclamación / Canal de Integridad.,5,24,185,
186,Paragraph,Source,"Principios Rectores de la ONU (2011), mecanismos de reclamación (Principios 29 y 31); Canal de Integridad de Minsur.",5,24,186,
187,Asset,Feature Image,https://raw.githubusercontent.com/DSANJORGE/minsur-testu-img/main/ddhh/ddhh_25_criterios_efectividad.png,5,25,187,ddhh_25_criterios_efectividad
188,Paragraph,,"Un canal efectivo es accesible, confidencial, transparente y con seguimiento real.",5,25,188,
189,Multiple Choice Question,,,5,25,189,
190,Paragraph,,"Que exista un canal no garantiza que funcione. Los Principios Rectores establecen criterios de eficacia: un mecanismo debe ser legítimo (generar confianza), accesible (fácil de usar y conocido por todos), predecible (con plazos y etapas claras), equitativo, transparente, compatible con los Derechos Humanos y una fuente de aprendizaje continuo; en el caso de mecanismos operacionales, además, basado en el diálogo. En la práctica esto se traduce en confidencialidad, protección frente a represalias, investigación seria y seguimiento. Para Minsur, evaluar su canal contra estos criterios permite saber si las personas realmente confían en él y lo usan.",5,25,190,
191,Paragraph,,"B viola la accesibilidad (debe llegar a todos, no solo a jefaturas). C incumple el seguimiento. D impone una barrera indebida: no se exige prueba irrefutable para reportar de buena fe. E confunde el fin: no todo caso termina en sanción; el objetivo es esclarecer y remediar.",5,25,191,
192,Paragraph,Exercise,Reconoce los criterios de eficacia de un mecanismo de reclamación.,5,25,192,
193,Paragraph,Source,"Principios Rectores de la ONU (2011), Principio 31 (criterios de eficacia de los mecanismos).",5,25,193,
194,Heading,Heading,5.2 Gestión de denuncias,5,,194,
195,Asset,Feature Image,https://raw.githubusercontent.com/DSANJORGE/minsur-testu-img/main/ddhh/ddhh_26_gestion_denuncias.png,5,26,195,ddhh_26_gestion_denuncias
196,Paragraph,,"Toda denuncia se registra, investiga con debido proceso y responde, con confidencialidad.",5,26,196,
197,Multiple Choice Question,,,5,26,197,
198,Paragraph,,"Toda denuncia recibida por el canal debe gestionarse con un proceso ordenado: registrarse, investigarse de forma objetiva e imparcial respetando el debido proceso —escuchando a las partes y reuniendo información— y cerrarse con una respuesta y, si corresponde, medidas correctivas o de remediación. Durante todo el proceso se protege la confidencialidad y se evita cualquier represalia contra quien reportó de buena fe. No importa el volumen ni quién la presenta: el valor está en la calidad del manejo. Para Minsur, una buena gestión de denuncias permite corregir conductas, prevenir su recurrencia y reforzar la confianza en el sistema.",5,26,198,
199,Paragraph,,"B impone una barrera indebida (archivar por falta de pruebas) en lugar de investigar. C viola el debido proceso con sanciones automáticas. D expone a las personas y vulnera la confidencialidad. E excluye a la mayoría, cuando el canal debe ser accesible para todos.",5,26,199,
200,Paragraph,Exercise,"Reconoce el manejo correcto de una denuncia (registro, investigación con debido proceso, respuesta).",5,26,200,
201,Paragraph,Source,"Principios Rectores de la ONU (2011), Principio 31; Código de Ética y Canal de Integridad de Minsur.",5,26,201,
202,Asset,Feature Image,https://raw.githubusercontent.com/DSANJORGE/minsur-testu-img/main/ddhh/ddhh_27_sancion_proporcional.png,5,27,202,ddhh_27_sancion_proporcional
203,Paragraph,,"La sanción procede solo si se prueba la falta, con debido proceso y de forma proporcional.",5,27,203,
204,Multiple Choice Question,,,5,27,204,
205,Paragraph,,"Recibir una denuncia no equivale a culpabilidad: la sanción solo procede cuando una investigación seria, con debido proceso y derecho de defensa, determina que efectivamente hubo una falta. Y debe ser proporcional a la gravedad del hecho probado. No todas las denuncias derivan en sanción —algunas no se confirman o corresponden a otro tipo de respuesta, como una medida correctiva o de remediación—, y eso no significa que el sistema falle: significa que actúa con justicia. Para Minsur, esta proporcionalidad y este rigor son los que dan legitimidad al canal y protegen tanto a quien denuncia como a quien es señalado.",5,27,205,
206,Paragraph,,"B atropella el debido proceso al sancionar sin investigar. C confunde confidencialidad con impunidad: proteger datos no impide sancionar una falta probada. D condiciona la sanción al anonimato, lo que es arbitrario. E elimina el análisis del caso, base de toda decisión justa.",5,27,206,
207,Paragraph,Exercise,Aplica el principio de debido proceso y proporcionalidad en la respuesta a una denuncia.,5,27,207,
208,Paragraph,Source,Debido proceso y proporcionalidad; Principios Rectores de la ONU (2011); Código de Ética de Minsur.,5,27,208,
209,Heading,Heading,5.3 Confidencialidad y no represalias,5,,209,
210,Asset,Feature Image,https://raw.githubusercontent.com/DSANJORGE/minsur-testu-img/main/ddhh/ddhh_28_confidencialidad.png,5,28,210,ddhh_28_confidencialidad
211,Paragraph,,"Confidencialidad: proteger la identidad y la información, compartiéndola solo con quien gestiona el caso.",5,28,211,
212,Multiple Choice Question,,,5,28,212,
213,Paragraph,,"La confidencialidad es una garantía esencial para que las personas se animen a reportar. Significa que la identidad de quien denuncia y los datos del caso se protegen y se comparten únicamente con quienes deben investigarlo y resolverlo, resguardando también la privacidad de las personas señaladas mientras dure el proceso. No equivale a ocultar el caso ni a eliminar evidencias: la información se gestiona con reserva, no se destruye. En Minsur, la confidencialidad reduce el temor a la exposición y a las represalias, y por eso es una condición para que el canal funcione y la gente confíe en él.",5,28,213,
214,Paragraph,,"B y C contradicen la reserva: publicar o difundir libremente expone a las personas. D confunde confidencialidad con destrucción de pruebas, lo que sabotea la investigación. E condiciona la protección al resultado, cuando debe regir desde el inicio.",5,28,214,
215,Paragraph,Exercise,Reconoce el alcance de la confidencialidad y la protección de la privacidad en las denuncias.,5,28,215,
216,Paragraph,Source,"Principios Rectores de la ONU (2011), Principio 31; políticas de confidencialidad de Minsur.",5,28,216,
217,Asset,Feature Image,https://raw.githubusercontent.com/DSANJORGE/minsur-testu-img/main/ddhh/ddhh_29_no_represalias.png,5,29,217,ddhh_29_no_represalias
218,Paragraph,,No represalias: nadie puede ser perjudicado por denunciar de buena fe.,5,29,218,
219,Multiple Choice Question,,,5,29,219,
220,Paragraph,,"Para que un canal funcione, las personas deben poder usarlo sin miedo. Por eso rige el principio de no represalia: nadie puede ser despedido, sancionado, excluido ni perjudicado por reportar de buena fe una posible falta. Denunciar 'de buena fe' significa hacerlo con la convicción honesta de que algo está mal, aunque la investigación luego no lo confirme. Junto con la confidencialidad, la no represalia anima a reportar y permite detectar problemas a tiempo. En Minsur, proteger a quien alza la voz es parte esencial de una cultura de integridad: tomar represalias es, en sí mismo, una falta grave.",5,29,220,
221,Paragraph,,"B impone una barrera indebida: no se exige prueba irrefutable para reportar de buena fe. C expone innecesariamente al denunciante; la denuncia no requiere ser pública. D describe justamente lo prohibido. E excluye a la mayoría, cuando el canal debe ser accesible para todos.",5,29,221,
222,Paragraph,Exercise,Reconoce la no represalia como protección del denunciante de buena fe.,5,29,222,
223,Paragraph,Source,"Principios Rectores de la ONU (2011), Principio 31; protección del denunciante; Código de Ética de Minsur.",5,29,223,
224,Heading,Heading,5.4 Remediación y reparación,5,,224,
225,Asset,Feature Image,https://raw.githubusercontent.com/DSANJORGE/minsur-testu-img/main/ddhh/ddhh_30_remediacion.png,5,30,225,ddhh_30_remediacion
226,Paragraph,,Remediar: reparar el daño y dar garantías de no repetición. Cierra el ciclo de diligencia.,5,30,226,
227,Multiple Choice Question,,,5,30,227,
228,Paragraph,,"El acceso a la remediación es el tercer pilar de los Principios Rectores. Cuando una empresa causa o contribuye a un impacto negativo, tiene la responsabilidad de remediarlo, es decir, de reparar o contribuir a reparar el daño causado a las personas afectadas. La remediación puede tomar varias formas: disculpas, restitución, rehabilitación, compensación económica, medidas de satisfacción y, muy importante, garantías de no repetición para evitar que el daño vuelva a ocurrir. Para Minsur, remediar de forma oportuna y proporcional demuestra un compromiso real, restaura la confianza con personas y comunidades, y cierra el ciclo de la debida diligencia.",5,30,228,
229,Paragraph,,B abandona a la persona afectada. C evade la responsabilidad propia. D es pasivo: no se requiere una orden judicial para reparar un daño confirmado. E es insuficiente: registrar no es remediar.,5,30,229,
230,Paragraph,Exercise,Reconoce la obligación de remediar y sus formas cuando hay un impacto confirmado.,5,30,230,
231,Paragraph,Source,"Principios Rectores de la ONU (2011), acceso a la reparación (Principios 22 y 25).",5,30,231,
232,Heading,Heading,6.1 Casos de discriminación e igualdad,6,,232,
233,Asset,Feature Image,https://raw.githubusercontent.com/DSANJORGE/minsur-testu-img/main/ddhh/ddhh_31_caso_discriminacion_maternidad.png,6,31,233,ddhh_31_caso_discriminacion_maternidad
234,Paragraph,,"Mismo mérito: decidir por competencias, no por género. Descartar por maternidad es discriminar.",6,31,234,
235,Multiple Choice Question,,,6,31,235,
236,Paragraph,,"Descartar a una candidata por la posibilidad de una futura maternidad es discriminación por género, una de las formas de discriminación expresamente prohibidas. La maternidad —o su mera posibilidad— no es un criterio técnico ni de desempeño; es una condición personal protegida. Las decisiones de selección deben basarse en el mérito, las competencias y la idoneidad para el puesto, garantizando igualdad de oportunidades. Razonamientos como 'podría faltar' o 'podría embarazarse' vulneran derechos, exponen a Minsur a sanciones y dañan su cultura. Ante el mismo mérito, la decisión debe ser objetiva y libre de sesgos; quien lo advierte debe corregir el criterio o escalarlo.",6,31,236,
237,Paragraph,,"B, C, D y E intentan justificar la discriminación disfrazándola de eficiencia, ahorro o criterio técnico. Ninguna lo es: todas se basan en una condición personal protegida, y la aprobación de una jefatura no legitima una práctica discriminatoria.",6,31,237,
238,Paragraph,Exercise,Identifica la discriminación por género en un caso de selección y aplica el criterio de mérito.,6,31,238,
239,Paragraph,Source,"DUDH, Art. 2 y 7; Convenios de la OIT sobre igualdad y no discriminación (C111).",6,31,239,
240,Heading,Heading,6.2 Casos de seguridad y uso de la fuerza,6,,240,
241,Asset,Feature Image,https://raw.githubusercontent.com/DSANJORGE/minsur-testu-img/main/ddhh/ddhh_32_caso_omitir_capacitacion.png,6,32,241,ddhh_32_caso_omitir_capacitacion
242,Paragraph,,"Sin capacitación de seguridad, la tarea de riesgo se detiene: la vida está antes que el plazo.",6,32,242,
243,Multiple Choice Question,,,6,32,243,
244,Paragraph,,"Enviar a personas a una tarea de riesgo sin la capacitación de seguridad obligatoria las expone a un daño grave y evitable, vulnerando su derecho a la vida y a la integridad. Que sean contratistas no cambia nada: forman parte del entorno de la operación y Minsur tiene responsabilidad sobre los impactos vinculados a su actividad. La presión por cumplir un plazo nunca justifica omitir controles de seguridad. Lo correcto es detener la tarea, brindar la capacitación y la protección necesarias y recién entonces ejecutarla. Aquí la seguridad ocupacional y los Derechos Humanos se encuentran: prevenir el daño es la prioridad.",6,32,244,
245,Paragraph,,"B traslada indebidamente el riesgo al contratista. C subordina la vida al plazo, lo que es inaceptable. D minimiza la capacitación como mero trámite. E desconoce la responsabilidad de la empresa sobre los impactos en su cadena.",6,32,245,
246,Paragraph,Exercise,Decide detener una tarea de riesgo y proteger a las personas frente a la presión por el plazo.,6,32,246,
247,Paragraph,Source,"DUDH, Art. 3; Convenios de la OIT sobre seguridad y salud en el trabajo; Principios Rectores de la ONU (2011).",6,32,247,
248,Heading,Heading,6.3 Casos de comunidades y medio ambiente,6,,248,
249,Asset,Feature Image,https://raw.githubusercontent.com/DSANJORGE/minsur-testu-img/main/ddhh/ddhh_33_caso_proveedor_contaminante.png,6,33,249,ddhh_33_caso_proveedor_contaminante
250,Paragraph,,"Proveedor que contamina el agua de una comunidad: rechazar y reportar, pese al bajo costo.",6,33,250,
251,Multiple Choice Question,,,6,33,251,
252,Paragraph,,"Contratar a un proveedor cuyas prácticas contaminan una fuente de agua expondría a Minsur a estar vinculada a un impacto sobre derechos de la comunidad —salud, agua y medio ambiente sano—. El bajo costo no compensa ese riesgo. Lo correcto es no contratar y reportar la situación por los canales internos, para que se evalúe y gestione. Que el daño ocurra fuera del cerco no exime de responsabilidad: el impacto se originaría en una relación comercial de la empresa. Este es justo el tipo de riesgo que la debida diligencia en la cadena de suministro busca prevenir antes de que se materialice.",6,33,252,
253,Paragraph,,"B y D aceptan el riesgo o lo delegan, contradiciendo la debida diligencia. C subordina los derechos al presupuesto. E evade la responsabilidad porque el daño ocurre fuera del cerco, ignorando la vinculación por la relación comercial.",6,33,253,
254,Paragraph,Exercise,Decide rechazar y reportar ante un proveedor que genera un impacto ambiental a una comunidad.,6,33,254,
255,Paragraph,Source,"Principios Rectores de la ONU (2011), Principios 13 y 19; derecho al agua y a un medio ambiente sano.",6,33,255,
256,Heading,Heading,6.4 Casos de denuncias y represalias,6,,256,
257,Asset,Feature Image,https://raw.githubusercontent.com/DSANJORGE/minsur-testu-img/main/ddhh/ddhh_34_caso_represalia.png,6,34,257,ddhh_34_caso_represalia
258,Paragraph,,Excluir o marginar a quien denunció es una represalia prohibida: debe reportarse.,6,34,258,
259,Multiple Choice Question,,,6,34,259,
260,Paragraph,,"Excluir a alguien, marginarlo o asignarle deliberadamente tareas irrelevantes después de que denunció de buena fe es una represalia: una acción que lo perjudica por haber usado el canal. Las represalias están expresamente prohibidas porque destruyen la confianza en el sistema y disuaden a otros de reportar. Lo importante es que la represalia es, en sí misma, una nueva falta: no se justifica por estar en curso una investigación ni es un 'asunto privado'. En Minsur, quien sufre o detecta una represalia debe reportarla, y la empresa debe protegerlo y sancionar la conducta de quien tomó represalia.",6,34,260,
261,Paragraph,,"B y E niegan o privatizan la represalia, desconociendo su gravedad. C la normaliza como 'esperable', justo lo contrario de lo que protege el sistema. D la disfraza de medida temporal, cuando ninguna investigación habilita perjudicar al denunciante.",6,34,261,
262,Paragraph,Exercise,Identifica una conducta de represalia contra un denunciante y reconoce el deber de reportarla.,6,34,262,
263,Paragraph,Source,"Principios Rectores de la ONU (2011), Principio 31; protección frente a represalias; Código de Ética de Minsur.",6,34,263,
264,Heading,Heading,6.2 Casos de seguridad y uso de la fuerza,6,,264,
265,Asset,Feature Image,https://raw.githubusercontent.com/DSANJORGE/minsur-testu-img/main/ddhh/ddhh_35_caso_uso_fuerza.png,6,35,265,ddhh_35_caso_uso_fuerza
266,Paragraph,,"Ante una protesta pacífica: diálogo y desescalada; la fuerza, solo último recurso y proporcional.",6,35,266,
267,Multiple Choice Question,,,6,35,267,
268,Paragraph,,"La gestión de la seguridad en torno a una operación minera debe respetar los Derechos Humanos de todas las personas, incluidas las que protestan. El estándar internacional —recogido en los Principios Voluntarios de Seguridad y Derechos Humanos— prioriza el diálogo, la prevención y la desescalada; el uso de la fuerza solo se admite como último recurso, debe ser proporcional y necesario, y nunca puede vulnerar la integridad ni la vida. Reprimir, actuar sin reglas o detener arbitrariamente a manifestantes pacíficos vulnera derechos como la libertad de expresión, la reunión pacífica y la integridad. Para Minsur, capacitar a su personal de seguridad en estos principios es parte de su debida diligencia.",6,35,268,
269,Paragraph,,"B y E recurren a la represión o la detención arbitraria frente a una protesta pacífica, vulnerando derechos. C deja la fuerza sin reglas, contrario a la proporcionalidad. D omite la responsabilidad de gestionar la situación de forma preventiva y dialogada.",6,35,269,
270,Paragraph,Exercise,"Aplica los criterios de diálogo, último recurso y proporcionalidad en el uso de la fuerza.",6,35,270,
271,Paragraph,Source,"Principios Voluntarios de Seguridad y Derechos Humanos; DUDH, Art. 19 y 20 (expresión y reunión pacífica).",6,35,271,
272,Heading,Heading,6.3 Casos de comunidades y medio ambiente,6,,272,
273,Asset,Feature Image,https://raw.githubusercontent.com/DSANJORGE/minsur-testu-img/main/ddhh/ddhh_36_caso_comunidad_agua.png,6,36,273,ddhh_36_caso_comunidad_agua
274,Paragraph,,"Reclamo de la comunidad = posible impacto a derechos: dialogar, canalizar y mitigar.",6,36,274,
275,Multiple Choice Question,,,6,36,275,
276,Paragraph,,"El reclamo de la comunidad señala posibles impactos sobre derechos como la salud, el acceso al agua y un medio ambiente sano. Desde el enfoque de Derechos Humanos no es un problema de imagen ni algo que pueda ignorarse: Minsur debe identificar y evaluar el impacto real o potencial, abrir un diálogo de buena fe con la comunidad afectada, canalizar el reclamo a través de su mecanismo de reclamación y aplicar planes de mitigación o reparación si corresponde. Las comunidades del entorno son titulares de derechos legítimos, y atender sus reclamos de forma temprana previene conflictos y daños mayores, además de construir confianza.",6,36,276,
277,Paragraph,,"B reduce un impacto en derechos a comunicación. C agrava el daño al ignorarlo. D evade la responsabilidad: el impacto se origina en la operación, aunque ocurra fuera del cerco. E delega indebidamente: la empresa también tiene responsabilidad de respetar y remediar.",6,36,277,
278,Paragraph,Exercise,"Identifica un impacto a comunidades y la vía de gestión (diálogo, reclamación, mitigación).",6,36,278,
279,Paragraph,Source,"DUDH, Art. 25; Principios Rectores de la ONU (2011); derecho al agua y a un medio ambiente sano.",6,36,279,
280,Heading,Heading,3.4 Capacitación y cultura,3,,280,
281,Asset,Feature Image,https://raw.githubusercontent.com/DSANJORGE/minsur-testu-img/main/ddhh/ddhh_37_alcance_curso.png,3,37,281,ddhh_37_alcance_curso
282,Paragraph,,El curso busca comprender los DDHH y aplicarlos en el trabajo diario en Minsur.,3,37,282,
283,Multiple Choice Question,,,3,37,283,
284,Paragraph,,"El curso no busca un aprendizaje meramente teórico ni un trámite para certificarse: su propósito es que cada colaborador y contratista comprenda qué son los Derechos Humanos, cuál es el rol y el compromiso de Minsur, y —sobre todo— cómo aplicar ese conocimiento en su trabajo diario. Eso incluye reconocer riesgos e impactos, saber cómo y dónde reportar, y actuar con respeto hacia compañeros, contratistas y comunidades. El valor del curso se mide en decisiones concretas: identificar a tiempo una situación sensible y canalizarla bien es el resultado de aprendizaje que se espera.",3,37,284,
285,Paragraph,,"B y D reducen el curso a memorización o a casos legales, ignorando su enfoque aplicado. C lo limita a aprobar un examen, vaciándolo de propósito. E le atribuye un fin de productividad ajeno a los Derechos Humanos.",3,37,285,
286,Paragraph,Exercise,Comprende el propósito aplicado del curso y su traducción en la conducta diaria.,3,37,286,
287,Paragraph,Source,"Programa de capacitación en Derechos Humanos de Minsur; Principios Rectores de la ONU (2011), integración.",3,37,287,
288,Heading,Heading,"1.1 Definición y características (universalidad, dignidad)",1,,288,
289,Asset,Feature Image,https://raw.githubusercontent.com/DSANJORGE/minsur-testu-img/main/ddhh/ddhh_38_dignidad.png,1,38,289,ddhh_38_dignidad
290,Paragraph,,La dignidad es el valor intrínseco de toda persona: no se gana ni se pierde.,1,38,290,
291,Multiple Choice Question,,,1,38,291,
292,Paragraph,,"La dignidad humana es la base de todos los Derechos Humanos: significa que cada persona tiene un valor propio e inherente por el solo hecho de existir, que merece respeto en todo momento y que no puede ser tratada como un simple medio. Ese valor no se gana ni se pierde: no depende del cargo, del rendimiento, de la nacionalidad ni de la conducta. En Minsur, reconocer la dignidad de colaboradores, contratistas y miembros de las comunidades implica tratarlos siempre con respeto, escuchar sus reclamos y no instrumentalizarlos. Es el principio que da sentido a todos los demás derechos.",1,38,292,
293,Paragraph,,"B y C condicionan la dignidad al desempeño o al cumplimiento de normas, negando su carácter inherente. D la confunde con un trámite estatal. E la hace depender del nivel socioeconómico, lo que contradice la igualdad en dignidad de todas las personas.",1,38,293,
294,Paragraph,Exercise,Comprende el concepto de dignidad humana como fundamento inherente de los DDHH.,1,38,294,
295,Paragraph,Source,"DUDH, Preámbulo y Art. 1; Pacto Internacional de Derechos Civiles y Políticos.",1,38,295,
296,Heading,Heading,1.4 Tipos y evolución de los derechos (incl. ambientales),1,,296,
297,Asset,Feature Image,https://raw.githubusercontent.com/DSANJORGE/minsur-testu-img/main/ddhh/ddhh_39_interdependencia.png,1,39,297,ddhh_39_interdependencia
298,Paragraph,,Los derechos son indivisibles e interdependientes: vulnerar uno afecta a los demás.,1,39,298,
299,Multiple Choice Question,,,1,39,299,
300,Paragraph,,"La indivisibilidad e interdependencia significan que los Derechos Humanos forman un todo: no hay derechos de primera y de segunda categoría, y la afectación de uno repercute en los demás. Por ejemplo, contaminar una fuente de agua (medio ambiente) afecta la salud, la alimentación y hasta la vida de una comunidad. Por eso una empresa no puede 'elegir' respetar unos derechos y descuidar otros según su conveniencia. Para Minsur, esta visión integral evita mirar los impactos de forma aislada: un problema ambiental, laboral o de seguridad casi siempre es, a la vez, un asunto de varios derechos entrelazados.",1,39,300,
301,Paragraph,,"B jerarquiza los derechos, contradiciendo la indivisibilidad. C autoriza un respeto selectivo, prohibido. D niega la interdependencia. E impone una prevalencia económica que no existe en el marco de DDHH.",1,39,301,
302,Paragraph,Exercise,Reconoce la indivisibilidad e interdependencia de los derechos y sus implicancias.,1,39,302,
303,Paragraph,Source,Declaración y Programa de Acción de Viena (1993); DUDH.,1,39,303,
304,Heading,Heading,"2.1 Principios Rectores de la ONU (Proteger, Respetar, Remediar)",2,,304,
305,Asset,Feature Image,https://raw.githubusercontent.com/DSANJORGE/minsur-testu-img/main/ddhh/ddhh_40_deber_estado.png,2,40,305,ddhh_40_deber_estado
306,Paragraph,,El Estado protege con leyes; la empresa respeta gestionando sus impactos. Roles distintos.,2,40,306,
307,Multiple Choice Question,,,2,40,307,
308,Paragraph,,"Los Principios Rectores distinguen con claridad dos roles complementarios. El Estado tiene el deber de proteger: debe prevenir, investigar y sancionar los abusos a los Derechos Humanos —incluidos los cometidos por empresas— mediante leyes, fiscalización y acceso a la justicia. La empresa tiene la responsabilidad de respetar: no causar ni contribuir a impactos negativos y gestionar los que estén vinculados a su actividad. No se sustituyen ni se anulan: ambos coexisten. Para Minsur, entender esto evita dos errores frecuentes: creer que la responsabilidad propia 'la cubre el Estado', o pretender que la empresa asuma funciones estatales que no le corresponden.",2,40,308,
309,Paragraph,,"B borra una distinción esencial del marco. C invierte los roles. D niega que existan obligaciones reales. E afirma falsamente que el deber estatal cesa, cuando coexiste con la responsabilidad empresarial.",2,40,309,
310,Paragraph,Exercise,Distingue el deber estatal de proteger y la responsabilidad empresarial de respetar.,2,40,310,
311,Paragraph,Source,"Principios Rectores de la ONU (2011), Pilares I y II (Principios 1 y 11).",2,40,311,
312,Heading,Heading,4.1 Identificación y evaluación de riesgos e impactos,4,,312,
313,Asset,Feature Image,https://raw.githubusercontent.com/DSANJORGE/minsur-testu-img/main/ddhh/ddhh_41_riesgos_salientes.png,4,41,313,ddhh_41_riesgos_salientes
314,Paragraph,,"En minería, los riesgos salientes: seguridad, comunidades, trabajo forzoso y uso de la fuerza.",4,41,314,
315,Multiple Choice Question,,,4,41,315,
316,Paragraph,,"La debida diligencia debe concentrarse en los riesgos más severos y probables para las personas, los llamados riesgos 'salientes'. En minería estos suelen incluir: la seguridad y salud de trabajadores y contratistas; los impactos a comunidades por el uso de agua y tierra, el polvo o eventuales reasentamientos; riesgos de trabajo forzoso o infantil en la cadena de proveedores; y el uso de la fuerza por parte del personal de seguridad. Identificar estos riesgos propios del sector permite a Minsur enfocar sus esfuerzos donde el daño potencial a las personas es mayor, en lugar de dispersarlos.",4,41,316,
317,Paragraph,,"B, C, D y E miran el negocio o la administración (producción, rentabilidad, trámites, conflictos internos), no los impactos sobre las personas, que es el criterio para identificar riesgos salientes en DDHH.",4,41,317,
318,Paragraph,Exercise,Identifica los riesgos salientes propios del sector minero.,4,41,318,
319,Paragraph,Source,"Principios Rectores de la ONU (2011), Principio 24; guías sectoriales de DDHH para minería.",4,41,319,
320,Heading,Heading,4.3 Cadena de suministro y contratistas,4,,320,
321,Asset,Feature Image,https://raw.githubusercontent.com/DSANJORGE/minsur-testu-img/main/ddhh/ddhh_42_trabajo_infantil.png,4,42,321,ddhh_42_trabajo_infantil
322,Paragraph,,"Trabajo infantil en la cadena: verificar, exigir remediación y proteger al menor.",4,42,322,
323,Multiple Choice Question,,,4,42,323,
324,Paragraph,,"El trabajo infantil es una vulneración grave de los Derechos Humanos y está prohibido por los Convenios de la OIT. Si se detecta en la cadena, la empresa no puede desentenderse 'porque es del proveedor': está vinculada al impacto y debe usar su influencia para que cese. La respuesta responsable combina verificar el caso, exigir un plan de remediación y, sobre todo, proteger el interés superior del niño o niña; un retiro brusco sin medidas de protección puede empujarlo a una situación peor. Para Minsur, evaluar y exigir estándares a sus proveedores es la forma de prevenir y abordar este riesgo.",4,42,324,
325,Paragraph,,"B niega la responsabilidad sobre la cadena. C invoca la tolerancia local para justificar lo prohibido. D propone una salida abrupta que puede dañar más al menor, sin remediación. E subordina un derecho humano a la calidad del producto.",4,42,325,
326,Paragraph,Exercise,Reconoce el trabajo infantil como impacto grave y aplica una respuesta responsable en la cadena.,4,42,326,
327,Paragraph,Source,Convenios de la OIT sobre edad mínima (C138) y peores formas de trabajo infantil (C182); Principios Rectores de la ONU (2011).,4,42,327,
328,Heading,Heading,4.1 Identificación y evaluación de riesgos e impactos,4,,328,
329,Asset,Feature Image,https://raw.githubusercontent.com/DSANJORGE/minsur-testu-img/main/ddhh/ddhh_43_consulta_partes.png,4,43,329,ddhh_43_consulta_partes
330,Paragraph,,"Evaluar bien los impactos exige escuchar a las personas afectadas, no decidir en gabinete.",4,43,330,
331,Multiple Choice Question,,,4,43,331,
332,Paragraph,,"La evaluación de impactos no debe hacerse solo desde el escritorio: los Principios Rectores recomiendan consultar de manera significativa a las personas potencialmente afectadas y a otras partes interesadas, porque son quienes mejor conocen cómo la operación incide en sus vidas. Escuchar a trabajadores, contratistas y comunidades —con especial atención a grupos vulnerables— permite identificar impactos que de otro modo pasarían inadvertidos y construir confianza. Para Minsur, el diálogo temprano y genuino con su entorno es parte de una debida diligencia seria: previene conflictos, mejora las decisiones y demuestra respeto por quienes pueden verse afectados.",4,43,332,
333,Paragraph,,"B y C aíslan la evaluación de las personas afectadas (gabinete, finanzas). D es reactivo: esperar denuncias contradice la prevención. E limita la consulta a accionistas, omitiendo precisamente a quienes sufren los impactos.",4,43,333,
334,Paragraph,Exercise,Reconoce la consulta a las partes afectadas como parte de una evaluación de impactos seria.,4,43,334,
335,Paragraph,Source,"Principios Rectores de la ONU (2011), Principio 18 (consulta a grupos afectados).",4,43,335,
336,Heading,Heading,5.2 Gestión de denuncias,5,,336,
337,Asset,Feature Image,https://raw.githubusercontent.com/DSANJORGE/minsur-testu-img/main/ddhh/ddhh_44_debido_proceso_senalado.png,5,44,337,ddhh_44_debido_proceso_senalado
338,Paragraph,,La persona señalada también tiene debido proceso y presunción de inocencia.,5,44,338,
339,Multiple Choice Question,,,5,44,339,
340,Paragraph,,"Un sistema justo protege tanto a quien denuncia como a quien es señalado. La persona investigada tiene derecho al debido proceso: ser informada en el momento oportuno de la investigación, poder presentar su versión y sus descargos, y ser tratada bajo presunción de inocencia hasta que el análisis determine si hubo o no una falta. Esto no debilita el canal: lo legitima, porque garantiza decisiones basadas en hechos y no en señalamientos. Para Minsur, equilibrar la protección del denunciante con el debido proceso del señalado es lo que hace que las conclusiones —y las eventuales sanciones— sean justas y sostenibles.",5,44,340,
341,Paragraph,,"B vulnera la presunción de inocencia. C choca con la confidencialidad del denunciante: conocer su identidad no es un derecho del señalado. D y E le otorgan facultades improcedentes (frenar la investigación o sancionar), ajenas al debido proceso.",5,44,341,
342,Paragraph,Exercise,Reconoce el debido proceso y la presunción de inocencia de la persona señalada.,5,44,342,
343,Paragraph,Source,"Debido proceso; DUDH, Art. 11 (presunción de inocencia); Código de Ética de Minsur.",5,44,343,
344,Heading,Heading,6.4 Casos de denuncias y represalias,6,,344,
345,Asset,Feature Image,https://raw.githubusercontent.com/DSANJORGE/minsur-testu-img/main/ddhh/ddhh_45_caso_remediacion.png,6,45,345,ddhh_45_caso_remediacion
346,Paragraph,,"Daño confirmado: reconocer, reparar y garantizar la no repetición, en diálogo con la familia.",6,45,346,
347,Multiple Choice Question,,,6,45,347,
348,Paragraph,,"Cuando se confirma que la operación causó o contribuyó a un daño real, se activa el deber de remediar. La actuación correcta combina tres cosas: reconocer el impacto con honestidad, reparar o contribuir a reparar el daño —por ejemplo restituyendo la fuente de agua o compensando de forma justa— y adoptar garantías de no repetición, todo ello manteniendo un diálogo respetuoso con la familia afectada. Negar el hecho, comprar el silencio o esperar un juicio no son remediación: erosionan la confianza y agravan el conflicto. Para Minsur, remediar bien restaura la relación con la comunidad y cierra el ciclo de la debida diligencia.",6,45,348,
349,Paragraph,,"B niega el daño confirmado. C condiciona el pago al silencio, lo que es una práctica indebida, no una remediación. D traslada la acción a un juicio futuro, evadiendo el deber de reparar. E confunde investigar con remediar: registrar no repara el daño.",6,45,349,
350,Paragraph,Exercise,"Aplica una remediación adecuada (reconocer, reparar, no repetición) ante un daño confirmado.",6,45,350,
351,Paragraph,Source,"Principios Rectores de la ONU (2011), acceso a la reparación (Principios 22 y 25).",6,45,351,
352,Heading,Heading,6.1 Casos de discriminación e igualdad,6,,352,
353,Asset,Feature Image,https://raw.githubusercontent.com/DSANJORGE/minsur-testu-img/main/ddhh/ddhh_46_caso_origen.png,6,46,353,ddhh_46_caso_origen
354,Paragraph,,Asignar tareas por el origen de las personas es discriminación: decidir por competencias.,6,46,354,
355,Multiple Choice Question,,,6,46,355,
356,Paragraph,,"Asignar o negar tareas según el origen étnico de las personas es discriminación basada en un estereotipo, no en hechos. Vulnera el principio de igualdad y no discriminación y daña a las personas afectadas y al clima del equipo. Las decisiones sobre responsabilidades deben fundarse en las competencias, la experiencia y el desempeño real, evaluados por igual para todos. En Minsur, donde conviven personas de diversas comunidades y orígenes, este tipo de prejuicio debe identificarse y corregirse: no es una 'opinión inofensiva' ni un criterio técnico, sino una conducta que la empresa debe abordar mediante sensibilización y, si persiste, los mecanismos correspondientes.",6,46,356,
357,Paragraph,,"B minimiza el prejuicio como opinión inofensiva, cuando sí afecta a personas. C y D lo disfrazan de gestión o criterio técnico, pero se basa en un estereotipo. E pretende blindarlo como 'cultural', cuando la empresa sí debe corregir la discriminación.",6,46,357,
358,Paragraph,Exercise,Identifica la discriminación por origen étnico y aplica el criterio de competencias.,6,46,358,
359,Paragraph,Source,"DUDH, Art. 2 y 7; Convenios de la OIT sobre no discriminación (C111).",6,46,359,
360,Heading,Heading,"4.4 Seguimiento, auditoría y mejora continua",4,,360,
361,Asset,Feature Image,https://raw.githubusercontent.com/DSANJORGE/minsur-testu-img/main/ddhh/ddhh_47_rendir_cuentas.png,4,47,361,ddhh_47_rendir_cuentas
362,Paragraph,,Comunicar y rendir cuentas con transparencia genera confianza y permite verificar la gestión.,4,47,362,
363,Multiple Choice Question,,,4,47,363,
364,Paragraph,,"El último paso del ciclo de debida diligencia es comunicar: dar cuenta, de forma transparente y comprensible, de cuáles son los impactos identificados y qué está haciendo la empresa para prevenirlos, mitigarlos o remediarlos. Rendir cuentas no es propaganda ni un sustituto de la acción: es mostrar con evidencia que la gestión existe y funciona, especialmente ante las personas afectadas. Para Minsur, comunicar sus avances y dificultades en Derechos Humanos —por ejemplo en reportes de sostenibilidad o en el diálogo con comunidades— construye confianza y permite que terceros verifiquen y aporten a la mejora. La transparencia es parte del respeto.",4,47,364,
365,Paragraph,,"B y C distorsionan el fin: comunicar no es marketing ni ocultamiento. D confunde informar con actuar: la comunicación acompaña, no reemplaza, las acciones. E reduce la rendición de cuentas a las utilidades para accionistas, omitiendo a las partes afectadas.",4,47,365,
366,Paragraph,Exercise,Reconoce el sentido de comunicar y rendir cuentas dentro de la debida diligencia.,4,47,366,
367,Paragraph,Source,"Principios Rectores de la ONU (2011), comunicación (Principio 21).",4,47,367,
